28263,"hn'; Linked To: LAZARUS GROUP."
28264,"hone Number 8613314257947; alt. Phone Number 8618004121000; Transactions Prohibited For Persons Owned or Controlled By U.S. Financial Institutions: North Korea Sanctions Regulations section 510.214; Identification Number 210302198701102136 (China); a.k.a. 'blackjack1987'; a.k.a. 'khaleesi'; Linked To: LAZARUS GROUP."
29703,"s - ETH 0x8576acc5c05d6ce88f4e49bf65bdf0c62f91353c; Phone Number 79315403678; Digital Currency Address - LTC LWnbjLYUfqeokfbWM4FcU7uk2FP2DSxuWS; alt. Digital Currency Address - LTC LaYUy1DGfVSuSF5KbPhbLrm8kRotqiwUJn; Digital Currency Address - ZEC t1WSKwCDL1QYRRUrCCknEs5tDLhtGVYu9KM; Digital Currency Address - BSV 12sjrrhoFEsedNRhtgwvvRqjFTh8fZTDX9; Passport 4005504207 (Russia)."
30518,"ChmWqGtsaLrGbHfgdrV5Nkvahtjjuxr; alt. Digital Currency Address - XBT 18Ke1QWE9nQfXuhJijHggZuPJ5ZYxapoBK; alt. Digital Currency Address - XBT 1QJUiNsNfji6mR1FjAwf6Eg9NxxHPoxpWL; alt. Digital Currency Address - XBT 1DtGgdCi9VPKz2Bpq8GQhUQEPnQ5HwaT9n; Digital Currency Address - ETH 0x1da5821544e25c636c1417ba96ade4cf6d2f9b5a; alt. Digital Currency Address - ETH 0x7Db418b5D567A4e0E8c59Ad71BE1FcE48f3E6107; alt. Digital Currency Address - ETH 0x72a5843cc08275C8171E582972Aa4fDa8C397B2A; alt. Digital Currency Address - ETH 0x7F19720A857F834887FC9A7bC0a0fBe7Fc7f8102; Digital Currency Address - LTC LQAhYwwK5AR1JQiQPr7vu8Pu4b6qcxxvNB; alt. Digital Currency Address - LTC LgwmgYnraU2uBWHVFUDgAmFCPYj5Yw8C9L; alt. Digital Currency Address - LTC LeKvNdNEzgQkzVVnRdV3fAu2DSF1nLsNw6; Digital Currency Address - BCH 18M8bJWMzWHDBMxoLqjHHAffdRy4SrzkfB; Linked To: INTERNET RESEARCH AGENCY LLC."
31212,"CURITY SERVICE."
33151,"aa35MVkf7sDjuGUYAP5izQt7Qi; Digital Currency Address - ETH 0x2f389ce8bd8ff92de3402ffce4691d17fc4f6535; alt. Digital Currency Address - ETH 0x19aa5fe80d33a56d56c78e82ea5e50e5d80b4dff; alt. Digital Currency Address - ETH 0xe7aa314c77f4233c18c6cc84384a9247c0cf367b; alt. Digital Currency Address - ETH 0x308ed4b7b49797e1a98d3818bff6fe5385410370; Organization Established Date 25 Sep 2018; Digital Currency Address - USDT 0x2f389ce8bd8ff92de3402ffce4691d17fc4f6535; alt. Digital Currency Address - USDT 0x19aa5fe80d33a56d56c78e82ea5e50e5d80b4dff; alt. Digital Currency Address - USDT 1KUUJPkyDhamZXgpsyXqNGc3x1QPXtdhgz; alt. Digital Currency Address - USDT 1CF46Rfbp97absrs7zb7dFfZS6qBXUm9EP; alt. Digital Currency Address - USDT 1LrxsRd7zNuxPJcL5rttnoeJFy1y4AffYY; alt. Digital Currency Address - USDT 1Df883c96LVauVsx9FEgnsourD8DELwCUQ; alt. Digital Currency Address - USDT 16iWn2J1McqjToYLHSsAyS6En3QA8YQ91H; Company Number 07486049 (Czech Republic); Legal Entity Number 5299007NTWCC3U23WM81 (Czech Republic); a.k.a. 'SUCCESSFUL EXCHANGE'."
33854,"M7CGBPUJwXXSroWuZ6H5jiprdKCyf7V5M; alt. Digital Currency Address - XBT 34kWCKF2wCbe6uinit2uL4ND6d8yxsuxKM; alt. Digital Currency Address - XBT bc1qe95l438kzjcvnsm3kn8n5augf9gpctdlhsq7f7hpnkyvlr7rc7cqupapf7; alt. Digital Currency Address - XBT 32VgTk8kGvBsqkHhkvtNooGdtqZm46jTVo; alt. Digital Currency Address - XBT 3NPognMSbzyA2JYW2fpkVKWyBMi2XTq2Zt; alt. Digital Currency Address - XBT 3MzLtBQ4Lz9J6w4Qu55TktgxFKZwxYWrP6; alt. Digital Currency Address - XBT 36YGN5dGzqrxMomTHdkT6cYVMnWBw8S7hD; alt. Digital Currency Address - XBT bc1q4rzdtlt0uslyw86cp29sctl6ct29g9a95cuup7pn5md9ddj7xgmqpp5m73; alt. Digital Currency Address - XBT 39KQvziHwUe2vddbpfC5WkQEV72qbQhxuh; alt. Digital Currency Address - XBT 3Qw9Fn19gCnga9LfHfpM99aGzuqxBNjR2i; Digital Currency Address - ETH 0x67d40EE1A85bf4a4Bb7Ffae16De985e8427B6b45; alt. Digital Currency Address - ETH 0x6f1ca141a28907f78ebaa64fb83a9088b02a8352; alt. Digital Currency Address - ETH 0x6acdfba02d390b97ac2b2d42a63e85293bcc160e; alt. Digital Currency Address - ETH 0x48549a34ae37b12f6a30566245176994e17c6b4a; alt. Digital Currency Address - ETH 0x5512d943ed1f7c8a43f3435c85f7ab68b30121b0; alt. Digital Currency Address - ETH 0xc455f7fd3e0e12afd51fba5c106909934d8a0e4a; Organization Established Date 2018; Digital Currency Address - USDT 3LtcaPbCj87CwJHnRX3vh7c2y9RZQqeSy8; Digital Currency Address - XRP rnXyVQzgxZe7TR1EPzTkGj2jxH4LMJYh66."
